search_term,id,created_utc,author,subreddit,title,selftext,url,num_comments
homelessness services association bc,1almndu,2024-02-08 03:55:47,wadude,Esquimalt,Can we put out glass tomorrow?,Anyone know?,https://www.reddit.com/r/Esquimalt/comments/1almndu/can_we_put_out_glass_tomorrow/,2
overdose,own79d,2021-08-02 20:33:09,RedditCareResources,u_RedditCareResources,Get support for yourself or other people,"If you’d like to talk to someone, confidential mental health support is free and available 24/7.

**Inside the U.S.**

* Crisis Text Line: Text CHAT to 741741
* Suicide & Crisis Lifeline: Call or text 988

**If you’re outside the U.S.**

* [Find resources in your location](https://www.reddithelp.com/hc/en-us/articles/360058756471-What-are-support-resources-available-to-people-outside-the-U-S-)

**If you’re not ready to talk to someone yet:**

* [How to help yourself when you’re feeling suicidal](https://www.suicidecallbackservice.org.au/feeling-suicidal/helping-yourself-when-feeling-overwhelmed-and-suicidal/)
* [How to ask for help if you’re having thoughts of suicide](https://www.suicideinfo.ca/ask-help-feeling-suicidal/)

**Additional resources for helping yourself and others:**

* [How to help someone you know who’s talking about seriously hurting themselves or considering suicide](https://www.reddithelp.com/hc/en-us/articles/360043513931-What-do-I-do-if-someone-talks-about-seriously-hurting-themselves-or-is-considering-suicide-)
* [More information and resources about where and how to find help](https://www.reddit.com/r/RedditCareResources/wiki/suicide_resources)

&#x200B;

https://preview.redd.it/6z44cj5bx6f71.png?width=558&format=png&auto=webp&s=951f1a6c6b3de5741768248c31125db2220fd968",https://www.reddit.com/r/u_RedditCareResources/comments/own79d/get_support_for_yourself_or_other_people/,2
