id,created_at,scrape_time,author,subreddit,title,selftext,url,num_comments,search_term
1am1za4,2024-02-08 18:06:34,2024-03-04 16:58:27,Morfumax,uvic,Iron Ring Ceremony,"4th year graduating Engineering student here wondering what the deal is with the iron ring ceremony. There has been no news about when it will happen (if it's happening at all). I find this strange because the UVic web page for the iron ring ceremony, and the Camp 23 website aren't even updated for this year. Has it just been completely forgotten about?",https://www.reddit.com/r/uvic/comments/1am1za4/iron_ring_ceremony/,2,camping
own79d,2021-08-02 20:33:09,2024-03-04 16:58:28,RedditCareResources,u_RedditCareResources,Get support for yourself or other people,"If youâ€™d like to talk to someone, confidential mental health support is free and available 24/7.

**Inside the U.S.**

* Crisis Text Line: Text CHAT to 741741
* Suicide & Crisis Lifeline: Call or text 988

**If youâ€™re outside the U.S.**

* [Find resources in your location](https://www.reddithelp.com/hc/en-us/articles/360058756471-What-are-support-resources-available-to-people-outside-the-U-S-)

**If youâ€™re not ready to talk to someone yet:**

* [How to help yourself when youâ€™re feeling suicidal](https://www.suicidecallbackservice.org.au/feeling-suicidal/helping-yourself-when-feeling-overwhelmed-and-suicidal/)
* [How to ask for help if youâ€™re having thoughts of suicide](https://www.suicideinfo.ca/ask-help-feeling-suicidal/)

**Additional resources for helping yourself and others:**

* [How to help someone you know whoâ€™s talking about seriously hurting themselves or considering suicide](https://www.reddithelp.com/hc/en-us/articles/360043513931-What-do-I-do-if-someone-talks-about-seriously-hurting-themselves-or-is-considering-suicide-)
* [More information and resources about where and how to find help](https://www.reddit.com/r/RedditCareResources/wiki/suicide_resources)

&#x200B;

https://preview.redd.it/6z44cj5bx6f71.png?width=558&format=png&auto=webp&s=951f1a6c6b3de5741768248c31125db2220fd968",https://www.reddit.com/r/u_RedditCareResources/comments/own79d/get_support_for_yourself_or_other_people/,2,overdose
1b2s3zp,2024-02-29 05:01:28,2024-03-04 16:58:28,Helpful_Beautiful815,uvic,Living in Victoria as a graduate student,"Hi, 

I am contemplating to move to Victoria as a masters student. I am wondering how will you cope with the city.

What should be my budget for a single room that is close to the campus?

How is the public transport system?

Should the crime rate  be a concern to me ([https://www.vicnews.com/news/victorias-2021-crime-severity-highest-among-b-c-s-municipally-policed-communities-103509](https://www.vicnews.com/news/victorias-2021-crime-severity-highest-among-b-c-s-municipally-policed-communities-103509))?

Does it snow over there?

&#x200B;

Thanks.",https://www.reddit.com/r/uvic/comments/1b2s3zp/living_in_victoria_as_a_graduate_student/,10,crime
1ajn9mk,2024-02-05 18:13:26,2024-03-04 16:58:30,Sad_Skeletor,uvic,Housing Portal still broken?,"Iâ€™ve been trying to sign in for an hour. I can get to the login page but when I click â€œstudent sso loginâ€ it just says â€œerror, try again maybe?â€",https://www.reddit.com/r/uvic/comments/1ajn9mk/housing_portal_still_broken/,11,housing
1akpijy,2024-02-07 00:27:27,2024-03-04 16:58:30,uvic,uvic,Housing Portal Challenges,"**Just a little update that I shared a lot of the challenges from Reddit with the team in Residence Services and they are in the process of sending out an e-mail to the nearly 3,000 students. If it hasn't reached you yet, below is the message that is going out.** 

\--

We recognize that many of you were affected by system challenges yesterday while applying for housing for 2024-25. We are very sorry. We heard you loud and clear; improvement to this process is needed. 

If you were in the application process and you received a â€œtime outâ€ message, rest assured we are working with the start of your application time and not the completion time. We hope this alleviates any concerns for those that were disconnected from the application mid-process. 

We anticipated challenges with the system due to a maximum number of users that can be in our softwareâ€™s application process at one time. We attempted to advise you by email on January 29th that an error message would be likely. Unfortunately, we did not anticipate the sheer volume of current residents that would attempt to apply at one time and just how many of you would get the â€œservice temporarily unavailableâ€ message. We also did not expect the application process to be dramatically slowed down for those of you that were mid-application during this time. On behalf of Residences Services, we apologize for these frustrations. 

If youâ€™ve submitted your application in its entirety, you will have received an email confirmation. Alternatively, in the housing portal, there is an application status page that is viewable to students who have a completed application, which includes your application start and submit time. If you are still unsure if you have completed your application or if you have any other questions regarding the application process, please contact [resadmin@uvic.ca](mailto:resadmin@uvic.ca). We are doing our best to respond as quickly as possible to inquiries.

We appreciate you taking the time to share your feedback through social media, phone calls and emails. It will be used to improve experiences moving forward. 

Kind regards,

Residence Services  
Business Operations l Residence Services  
Tel: (250) 472-4534 l E: [resadmin@uvic.ca](mailto:resadmin@uvic.ca)  
[http://www.uvic.ca/residence/](http://www.uvic.ca/residence/) ",https://www.reddit.com/r/uvic/comments/1akpijy/housing_portal_challenges/,2,housing
1ajny86,2024-02-05 18:40:52,2024-03-04 16:58:31,punynickel14,uvic,Housing portal - HELP!!,"Been trying to log onto the housing portal since 8:50 and havenâ€™t had any success. I just keep getting the error page. Did anyone get in and apply, if so, how??",https://www.reddit.com/r/uvic/comments/1ajny86/housing_portal_help/,5,housing
1akxc2y,2024-02-07 07:17:42,2024-03-04 16:58:31,vivant_espresso,uvic,What is pod-style housing ?,"I am attending Grade 12 at a public high school in BC. I read on [https://www.uvic.ca/residence/future-residents/apply/first-year/index.php](https://www.uvic.ca/residence/future-residents/apply/first-year/index.php) that selected LLC communities are in pod-style housing only. What is ""pod-style housing""? ",https://www.reddit.com/r/uvic/comments/1akxc2y/what_is_podstyle_housing/,3,housing
1ana9ri,2024-02-10 06:50:08,2024-03-04 16:58:31,Arjunbug,uvic,Applying for upper-year housing as an Engineering student with co-op,"Hi all. I'm applying for upper-year housing going into second-year engineering. Given that I'm scheduled for my first co-op for Spring 2025 should I apply for year-round housing or just for the Winter term? In other words, is it highly likely that I have my first co-op IN Victoria? Would you recommend that I have my first co-op in Victoria? What happens if you end up having a co-op somewhere else but you have year-round housing?",https://www.reddit.com/r/uvic/comments/1ana9ri/applying_for_upperyear_housing_as_an_engineering/,1,housing
1ajytjl,2024-02-06 02:21:03,2024-03-04 16:58:31,watchhumanitydie,uvic,Can I apply for full year housing and move out before the second semester?,"Hi! iâ€™m a first year living in dorms and I wanna do a sem abroad for the spring 2025 term, but still need housing for fall 2024

I was wondering if could apply for a full year (which has a lot higher chance of getting a room) and cancel it midway, rather than applying for just fall and not getting in.

Thanks!!",https://www.reddit.com/r/uvic/comments/1ajytjl/can_i_apply_for_full_year_housing_and_move_out/,4,housing
1ajr5nw,2024-02-05 20:49:21,2024-03-04 16:58:32,kiwiflavouredwater,uvic,is it over for me,ive been refreshing the residence portal page furiously since like 11am and i still cant get in im pretty sure im not getting the returner priority yay i love housing insecurity in a city with terrible housing prospects,https://www.reddit.com/r/uvic/comments/1ajr5nw/is_it_over_for_me/,15,housing
1aut1sr,2024-02-19 17:30:37,2024-03-04 16:58:32,adh47f8h,uvic,Are trees laying (and bending power lines a lot) across power lines like this safe? Seen going to university house 4,The power lines are depressed like 5-10 feet lower than where they should be from the weight of the tree,https://i.redd.it/il3pk02sukjc1.jpeg,9,housing
1ajllel,2024-02-05 17:09:03,2024-03-04 16:58:33,Any_Needleworker480,uvic,Residence Applications,Has anyone been able to login into the housing portal? It currently says service temporarily unavailable. ,https://www.reddit.com/r/uvic/comments/1ajllel/residence_applications/,42,housing
1aonh5e,2024-02-12 00:50:27,2024-03-04 16:58:33,Eggyis,uvic,Moving for school tips,Iâ€™m starting at UVic in the fall and considering living in Langford â€” does anyone commute or have any advice for somewhat reasonable housing? We are moving with a car so donâ€™t mind a 20 minute drive or so but I donâ€™t know a lot about the island and feeling a little overwhelmed with the cost.,https://www.reddit.com/r/uvic/comments/1aonh5e/moving_for_school_tips/,36,housing
1ajlwgq,2024-02-05 17:20:48,2024-03-04 16:58:34,AnonymousRedit0r,uvic,Which residence buildings have kitchens?,"Title basically. I have returnerâ€™s priority and am applying for housing in my second year. 

I NEED kitchen access to accommodate my disordered eating habits, I cannot survive on the meal plan much longer lmfao. Which buildings should I apply to?",https://www.reddit.com/r/uvic/comments/1ajlwgq/which_residence_buildings_have_kitchens/,20,housing
1avaejy,2024-02-20 05:58:19,2024-03-04 16:58:34,Legitimate-Tea8666,uvic,first year residence,I was recently accepted to uvic and am going through the process of applying for residence. Just wondering what the best building for first years is ? Also what is cluster housing like? Thanks ,https://www.reddit.com/r/uvic/comments/1avaejy/first_year_residence/,8,housing
1anuzd4,2024-02-11 00:34:26,2024-03-04 16:58:34,Frosty-Ad-6417,uvic,How is the engineering program here?,"Hi,

I'm considering transferring to UVIC for engineering (from sfu engineering), for a better social life and to be more independent.

I got good grades in high school and last year I applied to UVIC and got 2 entrance scholarships (about 6k I think), but I didn't accept them.. is it likely I'll be able to get them again? And if I apply for application based scholarships will I be considered based on my high school grades & extra-curriculars?

Also, is the engineering program here any good? I've heard talk about how UVIC is more well known as an Arts & social sciences school.. is that true? And how is student life here? Is it easy to integrate and find a group of friends, find housing, activities to do?

Thanks everyone",https://www.reddit.com/r/uvic/comments/1anuzd4/how_is_the_engineering_program_here/,45,housing
1axqr9j,2024-02-23 03:42:49,2024-03-04 16:58:35,jeelsus,uvic,Summer apartment sublet,"Hi, Iâ€™m an undergrad from outside BC who is going to be working with a prof at UVic this summer. Iâ€™ve seen the page for student sublets on the UVic website, but I was wondering if anyone knew of other ressources for housing during the summer? (Or if anyone is looking to sublet their place from May-August)? Any advice is really appreciated! 

Thanks!",https://www.reddit.com/r/uvic/comments/1axqr9j/summer_apartment_sublet/,8,housing
1b474mb,2024-03-01 22:08:54,2024-03-04 16:58:35,foggyfullmoon,uvic,"Got rejected cuz I didnt have 4 classes in the requirement list, is it really worth getting all of them done and applying in a year or 2? I'm 24 rn","I'm 24 years old and already going to uni fairly late compared to others, if I made it to uvic I'd be finished in my late 20s, but if I have to reapply I'd probably graduate in my 30s

I am not totally sure if my local university even has all the classes I need either, and housing in nanaimo or Victoria is insane plus the need for a job will most likely be a huge factor if I need extra money to move out

It's just fine arts, is it even worth all the trouble to get prerequisites with the possibility of still not getting in after?",https://www.reddit.com/r/uvic/comments/1b474mb/got_rejected_cuz_i_didnt_have_4_classes_in_the/,15,housing
1aui1jh,2024-02-19 07:59:54,2024-03-04 16:58:35,MedicineSome7339,uvic,first year dorms,"hi! i'm a grade 12 student that was recently accepted to uvic, and am planning on attending this september. recently, i've been looking at all the housing options, and between the dozen buildings, all the new dorms, and the LLCs, it's been super overwhelming trying to organize my preferences. if anyone currently living/have lived in first year residence wanted to share their thoughts on the buildings/different LLCs that would be greatly appreciated :) ",https://www.reddit.com/r/uvic/comments/1aui1jh/first_year_dorms/,5,housing
1b146ch,2024-02-27 05:36:54,2024-03-04 16:58:36,Lamp-collector,uvic,RUNNING OF THE GINGERS(MARCH 17th),"I would like to invite you to the first Running Of The Gingers at UVIC. The running will start around the entrance of the Cove and end at parking lot 5 in front of Tower. The running will start PROMPTLY at 4pm.

RULES:

\-Not a race(be safe), BUT there is bragging rights to the fastest Ginger

\-WIGS are not allowed but non-gingers may dye their hair for the occasion.

\-Strawberry blondes are considered one a case by case basis

This is a historic event for UVic Gingers. Rumor has it Kevin Hall is making an appearance and Laidlaw is moving the Phys 111 midterm to make more time for this event.

https://preview.redd.it/euk7yxz4f2lc1.jpg?width=1169&format=pjpg&auto=webp&s=ceaa04a90ef0c5347375928f7d8824735806d098",https://www.reddit.com/r/uvic/comments/1b146ch/running_of_the_gingersmarch_17th/,25,housing
1ao18r8,2024-02-11 06:13:34,2024-03-04 16:58:36,sasatheassassin,uvic,Living off campus as a first year?,"I am currently a grade 12 student in Vancouver going to UVic Eng next year. I already have a sibling living there, and have the opportunity to rent a room in the house they're in (5-10 min from campus). I think it's a great option compared to the dorms (and meal plan...), but my main concern with this is making friends while living off-campus. Any thoughts would be much appreciated",https://www.reddit.com/r/uvic/comments/1ao18r8/living_off_campus_as_a_first_year/,20,housing
1am2y80,2024-02-08 18:47:21,2024-03-04 16:58:37,Successful-Coconut60,uvic,Procedure for renting.,"Just wondering what alot of you guys have done previous years when it comes to renting with friends. We are a group of 4 and I'm just concerned with the timeline. Some people saying you have to rent from like may and pay over the summer but surely that can't be the only option in a city with so many students. 

What have you guys done I  previous years.",https://www.reddit.com/r/uvic/comments/1am2y80/procedure_for_renting/,13,housing
1aljzq4,2024-02-08 01:43:42,2024-03-04 16:58:37,justWater12,uvic,Question about my chances,"&#x200B;

so I'm a highschool student from united states. I have a unweighted gpa of 3.45 unweighted (American Curriculum). 

I am taking Full IB classes and I'm a candidate for IB diploma. My understanding is that I can apply with High school American grades or IB predicted scores. Is there an understanding of which one might be better for chances and what the admissions competitiveness Is?

Applying to the faculty of Social Sciences and then majoring in Geography

Any advice is appreciated!",https://www.reddit.com/r/uvic/comments/1aljzq4/question_about_my_chances/,3,housing
1alyfip,2024-02-08 15:36:09,2024-03-04 16:58:37,kelake47,uvic,Early acceptance deadlines for out-of-province students,"When are the early acceptance deadlines for out-of-province students? 

My son and I travelled from the East Coast in November to an open house at UVic, and he came away impressed with the university and the city. He is keen to attend. 

Since then, other universities have offered him early acceptance with scholarships and have been in constant communication. All his classmates have committed to programs. 

At UVic, the application portal has never allowed him to submit his transcripts until, I believe, February 15th, which makes the process months behind that of other universities he is considering. His emails to UVic have gone unanswered, communication, in general, has been minimal at best, and my skills with Google have turned up with no answers. 

Is there something more he should be doing?",https://www.reddit.com/r/uvic/comments/1alyfip/early_acceptance_deadlines_for_outofprovince/,4,housing
1aq8mgf,2024-02-13 23:55:23,2024-03-04 16:58:38,Reasonable_Rich6277,uvic,Advice on Physics 110,"Iâ€™ve been completely slacking on Physics 110 and people say that this course is brutal (especially the final exam), and now the anxiety is kicking in. Do I have a shot at getting a B or above in the course if I start studying a lot now (with the final exam in two months/worth 60%), or is it over for me",https://www.reddit.com/r/uvic/comments/1aq8mgf/advice_on_physics_110/,15,affordable
1b6omyl,2024-03-04 22:44:00,2024-03-04 16:58:39,yupanotherone12345,uvic,Deferral due to course load?,"Question generally explains what I'm looking for. I have all my finals and final projects due in one week (due to poor luck).

I just want to move one exam (Math 109) to a later date. Is it possible? I'm not CAL, but I'm overwhelmed.

Will the school take pity on my poor soul?",https://www.reddit.com/r/uvic/comments/1b6omyl/deferral_due_to_course_load/,3,poor
1aw61ad,2024-02-21 07:17:13,2024-03-04 16:58:39,stvhwrd,uvic,How long to take for an engineering degree at UVic?,"It's scheduled as a 4 year (minimum 8 academic semesters + 4 co-op semesters) program, but don't rush it.  **Most** people take 5-6 years to get it done, and that's what I recommend.  Here's why (speaking from a SENG perspective):

* You have opportunities with companies through the co-op program that are *much* harder to get once you graduate.  For example, employment/experience (and resulting post-grad opportunities) with Microsoft, Google, Twitter, etc. are much easier to achieve on a co-op term than they are for a new graduate without that experience.

* If you decrease the course load* from the prescribed 6 academic classes/semester to the ""normal"" 5 classes/semester it will only delay your graduation by two-ish semesters (from 48/6 to 48/5), and will probably make your university experience a *lot* more fun and manageable.

* There is a ton of information thrown at you in engineering, and taking your time to get through the program helps you to absorb it all, and allows for you to work on some meaningful side projects with your extra ""free time"" (ha)

* Use the extra time to join some clubs and do some networking.  Relationships are everything.  If you get your head down and just burn through a degree and come out with no life lessons/experiences, you may regret it.  The ""best"" companies want the best candidates, and the best candidates are well rounded individuals with sound technical ability - not socially awkward nerds who did their degree in record time...

> *Note:  If you **do** deviate from the prescribed schedule (as I recommend you do), just make sure that you're figuring out your class schedule waaaay in advance so that your prerequisites all line up as you need them to.  Some classes in engineering are only offered once a year, so if it's a prerequisite for another class, and you miss that year's offering of it due to poor planning - you're in a tough spot (ask me how I know).


Good luck to you, and welcome to engineering!",https://www.reddit.com/r/uvic/comments/1aw61ad/how_long_to_take_for_an_engineering_degree_at_uvic/,3,poor
1b50pq3,2024-03-02 22:29:24,2024-03-04 16:58:43,Electronic_Mud_,uvic,Enrolment prospects after overdue tuition and collections,"In 2020 I became unemployed and homeless and withdrew from university due to an unfortunate combination of Covid-19 and mental health struggles. I had about $1,400 in unpaid tuition that I wasn't able to pay that was sent to collections. I was in such a mental state that I didn't bother applying for any sort of academic concessions, even though I know I would have qualified for a full fee reduction. Since it's been more than 2 years since the term in question, that route is no longer an option. I am finally in a position where I can realistically continue with my studies in the near future, and I am interested in re-applying to UVic. I want to pay what I owe and then re-apply, but I'm wondering if anyone knows what my prospects of getting back in actually are. Will this heavily impact their decision to accept or deny me? Will admissions see that I went years without paying and turn me away because of that? Has anyone been in a similar situation or know anyone who has?",https://www.reddit.com/r/uvic/comments/1b50pq3/enrolment_prospects_after_overdue_tuition_and/,4,homeless
1b8ee7p,2024-03-06 23:10:50,2024-03-13 18:57:33,Fantastic_Pride_3310,uvic,UVSS referendums ,"Do any of them actually have a clear breakdown of where the extra money they want to go, or are we just supposed to ""trust me bro"" that the money will be used wisely?

I ask this because I don't see why the UVSS would need to raise fees by $10 over 5 years with a direct raise of $5, which at minimum would result in next year having $180,000 based on only Fall and Spring with 18,000 students not counting the addition increases or students paying over the summer as well.

They claim it would go to ""sub operation in order to keep prices low, services at their best quality and to pay our staff a fair and competitive wage"".

I go the sub often and the prices are fine as is, if you are really hurting for cash grad lounge has a $4 meal that's good value but I digress. Services seem to be at their best already, and I don't know enough about the wages of the staff but I haven't heard any complaints about the wages. 

So if everything is currently fine with the fees currently, why do we need to raise them and has the board looked at alternatives revenue sources (donations/sponsorships)?

If this is for future proofing, then why are you robbing students now so that future students don't need to run another referendum?

Interested to hear what other people including candidates opinions are.",https://www.reddit.com/r/uvic/comments/1b8ee7p/uvss_referendums/,27,poverty
1badhzj,2024-03-09 09:01:12,2024-03-13 18:57:36,SocialistSashimi,uvic,Housing as a transfer student,"Hey guys so I just received my offer of admission for UVic as a transfer student from Ontario, I was wondering what you guys think would be the best course of action to take here. 
Me and a buddy are planning on trying to live together and we were wondering if it was worth still applying for the residence lottery, or should we just start looking for a house right away? Unfortunately neither of us live in Victoria, so itâ€™s not really the easiest to do that. Heâ€™s a first year deferral and Iâ€™m coming from my second year of uni.
Thanks!!!",https://www.reddit.com/r/uvic/comments/1badhzj/housing_as_a_transfer_student/,4,housing
1bbgvsu,2024-03-10 18:14:30,2024-03-13 18:57:37,PenSpecialist3394,uvic,how do you stay focused when studying at home? ,"what are some genuine tricks you have learned to help you stay focused on schoolwork when studying at home? Bonus points if it works for you and you have ADHD

Sincerely,

A 3rd year bio student who struggles to ever be productive at home but also has zero energy to leave their house today and desperately needs to catch up on classes ðŸ™ƒ

(Also wanted to add, I know that it is much easier for me to focus if I leave the house to study. However I am #1: a broke student who doesnâ€™t drive and #2: am so behind in classes that I will probably be going very lateâ€¦ I do tend to stay on campus after midnight a lot, but Iâ€™m trying not to because I always end up having to Uber home / and or order food because I am starving or need caffeine lol)",https://www.reddit.com/r/uvic/comments/1bbgvsu/how_do_you_stay_focused_when_studying_at_home/,29,housing
1bazfyj,2024-03-10 02:35:34,2024-03-13 18:57:37,Frosty-Ad-6417,uvic,Too late to apply as a transfer student?,"Hi, I'm thinking of maybe transferring to uvic from SFU for fall 2024, is it too late to apply now? Will all the spots already be filled? Also, is it too late to apply for residence if I decide to?",https://www.reddit.com/r/uvic/comments/1bazfyj/too_late_to_apply_as_a_transfer_student/,3,housing
1bckeb3,2024-03-12 01:13:13,2024-03-13 18:57:38,Temporary-Cake6654,uvic,Friendly reminder that they never caught the David Turpin Pooper (David Turdlin),,https://i.redd.it/ub4lzohg0tnc1.jpeg,9,crime
